{
  "children": [
    {
      "children": [
        {
          "children": [
            {
              "children": [
                {
                  "children": [
                    {
                      "children": [],
                      "num": 1,
                      "name": "%webgoat%/src/main/java/org/owasp/webgoat/HammerHead.java",
                      "portions": [
                        {
                          "count": 1,
                          "label": "Vulnerability.Validation.Required"
                        }
                      ]
                    }
                  ],
                  "num": 1,
                  "name": "Vulnerability.Validation.Required",
                  "portions": [
                    {
                      "count": 1,
                      "label": "Vulnerability.Validation.Required"
                    }
                  ]
                }
              ],
              "num": 1,
              "name": "Network",
              "portions": [
                {
                  "count": 1,
                  "label": "Vulnerability.Validation.Required"
                }
              ]
            }
          ],
          "num": 1,
          "name": "websession-entry",
          "portions": [
            {
              "count": 1,
              "label": "Vulnerability.Validation.Required"
            }
          ]
        },
        {
          "children": [
            {
              "children": [
                {
                  "children": [
                    {
                      "children": [],
                      "num": 729,
                      "name": "%webgoat%/src/main/java/org/owasp/webgoat/session/DatabaseUtilities.java",
                      "portions": [
                        {
                          "count": 729,
                          "label": "Vulnerability.Authentication.Credentials.Unprotected"
                        }
                      ]
                    }
                  ],
                  "num": 729,
                  "name": "Vulnerability.Authentication.Credentials.Unprotected",
                  "portions": [
                    {
                      "count": 729,
                      "label": "Vulnerability.Authentication.Credentials.Unprotected"
                    }
                  ]
                },
                {
                  "children": [
                    {
                      "children": [],
                      "num": 1,
                      "name": "%webgoat%/src/main/webapp/webgoat_challenge.jsp",
                      "portions": [
                        {
                          "count": 1,
                          "label": "Vulnerability.CrossSiteScripting"
                        }
                      ]
                    },
                    {
                      "children": [],
                      "num": 1,
                      "name": "%webgoat%/src/main/webapp/webgoat.jsp",
                      "portions": [
                        {
                          "count": 1,
                          "label": "Vulnerability.CrossSiteScripting"
                        }
                      ]
                    },
                    {
                      "children": [],
                      "num": 11,
                      "name": "%webgoat%/src/main/webapp/main.jsp",
                      "portions": [
                        {
                          "count": 11,
                          "label": "Vulnerability.CrossSiteScripting"
                        }
                      ]
                    }
                  ],
                  "num": 13,
                  "name": "Vulnerability.CrossSiteScripting",
                  "portions": [
                    {
                      "count": 13,
                      "label": "Vulnerability.CrossSiteScripting"
                    }
                  ]
                },
                {
                  "children": [
                    {
                      "children": [],
                      "num": 61,
                      "name": "%webgoat%/src/main/java/org/owasp/webgoat/lessons/MaliciousFileExecution.java",
                      "portions": [
                        {
                          "count": 61,
                          "label": "Vulnerability.PathTraversal"
                        }
                      ]
                    }
                  ],
                  "num": 61,
                  "name": "Vulnerability.PathTraversal",
                  "portions": [
                    {
                      "count": 61,
                      "label": "Vulnerability.PathTraversal"
                    }
                  ]
                },
                {
                  "children": [
                    {
                      "children": [],
                      "num": 4,
                      "name": "%webgoat%/src/main/webapp/lessons/GoatHillsFinancial/GoatHillsFinancial.jsp",
                      "portions": [
                        {
                          "count": 4,
                          "label": "Vulnerability.Quality.TestCode"
                        }
                      ]
                    },
                    {
                      "children": [],
                      "num": 18,
                      "name": "%webgoat%/src/main/java/org/owasp/webgoat/lessons/MaliciousFileExecution.java",
                      "portions": [
                        {
                          "count": 18,
                          "label": "Vulnerability.Quality.TestCode"
                        }
                      ]
                    },
                    {
                      "children": [],
                      "num": 972,
                      "name": "%webgoat%/src/main/java/org/owasp/webgoat/session/WebgoatContext.java",
                      "portions": [
                        {
                          "count": 972,
                          "label": "Vulnerability.Quality.TestCode"
                        }
                      ]
                    },
                    {
                      "children": [],
                      "num": 41,
                      "name": "%webgoat%/src/main/java/org/owasp/webgoat/session/LessonTracker.java",
                      "portions": [
                        {
                          "count": 41,
                          "label": "Vulnerability.Quality.TestCode"
                        }
                      ]
                    }
                  ],
                  "num": 1035,
                  "name": "Vulnerability.Quality.TestCode",
                  "portions": [
                    {
                      "count": 1035,
                      "label": "Vulnerability.Quality.TestCode"
                    }
                  ]
                },
                {
                  "children": [
                    {
                      "children": [],
                      "num": 2,
                      "name": "%webgoat%/src/main/webapp/lessons/DBCrossSiteScripting/DBCrossSiteScripting.jsp",
                      "portions": [
                        {
                          "count": 2,
                          "label": "Vulnerability.Injection"
                        }
                      ]
                    },
                    {
                      "children": [],
                      "num": 2,
                      "name": "%webgoat%/src/main/webapp/lessons/GoatHillsFinancial/GoatHillsFinancial.jsp",
                      "portions": [
                        {
                          "count": 2,
                          "label": "Vulnerability.Injection"
                        }
                      ]
                    },
                    {
                      "children": [],
                      "num": 2,
                      "name": "%webgoat%/src/main/webapp/lessons/CrossSiteScripting/CrossSiteScripting.jsp",
                      "portions": [
                        {
                          "count": 2,
                          "label": "Vulnerability.Injection"
                        }
                      ]
                    },
                    {
                      "children": [],
                      "num": 2,
                      "name": "%webgoat%/src/main/webapp/lessons/DBSQLInjection/DBSQLInjection.jsp",
                      "portions": [
                        {
                          "count": 2,
                          "label": "Vulnerability.Injection"
                        }
                      ]
                    },
                    {
                      "children": [],
                      "num": 2,
                      "name": "%webgoat%/src/main/webapp/lessons/RoleBasedAccessControl/RoleBasedAccessControl.jsp",
                      "portions": [
                        {
                          "count": 2,
                          "label": "Vulnerability.Injection"
                        }
                      ]
                    },
                    {
                      "children": [],
                      "num": 2,
                      "name": "%webgoat%/src/main/webapp/lessons/SQLInjection/SQLInjection.jsp",
                      "portions": [
                        {
                          "count": 2,
                          "label": "Vulnerability.Injection"
                        }
                      ]
                    },
                    {
                      "children": [],
                      "num": 1,
                      "name": "%webgoat%/src/main/webapp/main.jsp",
                      "portions": [
                        {
                          "count": 1,
                          "label": "Vulnerability.Injection"
                        }
                      ]
                    }
                  ],
                  "num": 13,
                  "name": "Vulnerability.Injection",
                  "portions": [
                    {
                      "count": 13,
                      "label": "Vulnerability.Injection"
                    }
                  ]
                },
                {
                  "children": [
                    {
                      "children": [],
                      "num": 25,
                      "name": "%webgoat%/src/main/java/org/owasp/webgoat/lessons/MaliciousFileExecution.java",
                      "portions": [
                        {
                          "count": 25,
                          "label": "Vulnerability.Validation.Required"
                        }
                      ]
                    },
                    {
                      "children": [],
                      "num": 123,
                      "name": "%webgoat%/src/main/java/org/owasp/webgoat/session/LessonTracker.java",
                      "portions": [
                        {
                          "count": 123,
                          "label": "Vulnerability.Validation.Required"
                        }
                      ]
                    }
                  ],
                  "num": 148,
                  "name": "Vulnerability.Validation.Required",
                  "portions": [
                    {
                      "count": 148,
                      "label": "Vulnerability.Validation.Required"
                    }
                  ]
                },
                {
                  "children": [
                    {
                      "children": [],
                      "num": 163,
                      "name": "%webgoat%/src/main/java/org/owasp/webgoat/session/CreateDB.java",
                      "portions": [
                        {
                          "count": 163,
                          "label": "Vulnerability.Injection.SQL"
                        }
                      ]
                    }
                  ],
                  "num": 163,
                  "name": "Vulnerability.Injection.SQL",
                  "portions": [
                    {
                      "count": 163,
                      "label": "Vulnerability.Injection.SQL"
                    }
                  ]
                }
              ],
              "num": 2162,
              "name": "Network",
              "portions": [
                {
                  "count": 729,
                  "label": "Vulnerability.Authentication.Credentials.Unprotected"
                },
                {
                  "count": 13,
                  "label": "Vulnerability.CrossSiteScripting"
                },
                {
                  "count": 61,
                  "label": "Vulnerability.PathTraversal"
                },
                {
                  "count": 1035,
                  "label": "Vulnerability.Quality.TestCode"
                },
                {
                  "count": 13,
                  "label": "Vulnerability.Injection"
                },
                {
                  "count": 148,
                  "label": "Vulnerability.Validation.Required"
                },
                {
                  "count": 163,
                  "label": "Vulnerability.Injection.SQL"
                }
              ]
            }
          ],
          "num": 2162,
          "name": "websession-exit",
          "portions": [
            {
              "count": 729,
              "label": "Vulnerability.Authentication.Credentials.Unprotected"
            },
            {
              "count": 13,
              "label": "Vulnerability.CrossSiteScripting"
            },
            {
              "count": 61,
              "label": "Vulnerability.PathTraversal"
            },
            {
              "count": 1035,
              "label": "Vulnerability.Quality.TestCode"
            },
            {
              "count": 13,
              "label": "Vulnerability.Injection"
            },
            {
              "count": 148,
              "label": "Vulnerability.Validation.Required"
            },
            {
              "count": 163,
              "label": "Vulnerability.Injection.SQL"
            }
          ]
        }
      ],
      "num": 2163,
      "name": "websession",
      "portions": [
        {
          "count": 729,
          "label": "Vulnerability.Authentication.Credentials.Unprotected"
        },
        {
          "count": 13,
          "label": "Vulnerability.CrossSiteScripting"
        },
        {
          "count": 61,
          "label": "Vulnerability.PathTraversal"
        },
        {
          "count": 1035,
          "label": "Vulnerability.Quality.TestCode"
        },
        {
          "count": 13,
          "label": "Vulnerability.Injection"
        },
        {
          "count": 149,
          "label": "Vulnerability.Validation.Required"
        },
        {
          "count": 163,
          "label": "Vulnerability.Injection.SQL"
        }
      ]
    },
    {
      "children": [
        {
          "children": [
            {
              "children": [
                {
                  "children": [
                    {
                      "children": [],
                      "num": 1,
                      "name": "%webgoat%/src/main/java/org/owasp/webgoat/HammerHead.java",
                      "portions": [
                        {
                          "count": 1,
                          "label": "Vulnerability.Validation.Required"
                        }
                      ]
                    }
                  ],
                  "num": 1,
                  "name": "Vulnerability.Validation.Required",
                  "portions": [
                    {
                      "count": 1,
                      "label": "Vulnerability.Validation.Required"
                    }
                  ]
                }
              ],
              "num": 1,
              "name": "Network",
              "portions": [
                {
                  "count": 1,
                  "label": "Vulnerability.Validation.Required"
                }
              ]
            }
          ],
          "num": 1,
          "name": "course-entry",
          "portions": [
            {
              "count": 1,
              "label": "Vulnerability.Validation.Required"
            }
          ]
        },
        {
          "children": [
            {
              "children": [
                {
                  "children": [
                    {
                      "children": [],
                      "num": 6,
                      "name": "%webgoat%/src/main/webapp/main.jsp",
                      "portions": [
                        {
                          "count": 6,
                          "label": "Vulnerability.CrossSiteScripting"
                        }
                      ]
                    }
                  ],
                  "num": 6,
                  "name": "Vulnerability.CrossSiteScripting",
                  "portions": [
                    {
                      "count": 6,
                      "label": "Vulnerability.CrossSiteScripting"
                    }
                  ]
                }
              ],
              "num": 6,
              "name": "Network",
              "portions": [
                {
                  "count": 6,
                  "label": "Vulnerability.CrossSiteScripting"
                }
              ]
            }
          ],
          "num": 6,
          "name": "course-exit",
          "portions": [
            {
              "count": 6,
              "label": "Vulnerability.CrossSiteScripting"
            }
          ]
        }
      ],
      "num": 7,
      "name": "course",
      "portions": [
        {
          "count": 6,
          "label": "Vulnerability.CrossSiteScripting"
        },
        {
          "count": 1,
          "label": "Vulnerability.Validation.Required"
        }
      ]
    },
    {
      "children": [
        {
          "children": [
            {
              "children": [
                {
                  "children": [
                    {
                      "children": [],
                      "num": 1,
                      "name": "%webgoat%/src/main/java/org/owasp/webgoat/HammerHead.java",
                      "portions": [
                        {
                          "count": 1,
                          "label": "Vulnerability.Validation.Required"
                        }
                      ]
                    },
                    {
                      "children": [],
                      "num": 1,
                      "name": "%webgoat%/src/main/java/org/owasp/webgoat/servlets/Controller.java",
                      "portions": [
                        {
                          "count": 1,
                          "label": "Vulnerability.Validation.Required"
                        }
                      ]
                    }
                  ],
                  "num": 2,
                  "name": "Vulnerability.Validation.Required",
                  "portions": [
                    {
                      "count": 2,
                      "label": "Vulnerability.Validation.Required"
                    }
                  ]
                }
              ],
              "num": 2,
              "name": "Network",
              "portions": [
                {
                  "count": 2,
                  "label": "Vulnerability.Validation.Required"
                }
              ]
            }
          ],
          "num": 2,
          "name": "client.browser-entry",
          "portions": [
            {
              "count": 2,
              "label": "Vulnerability.Validation.Required"
            }
          ]
        },
        {
          "children": [],
          "num": 0,
          "name": "client.browser-exit",
          "portions": [
            {
              "count": 10,
              "label": "Node"
            }
          ]
        }
      ],
      "num": 2,
      "name": "client.browser",
      "portions": [
        {
          "count": 2,
          "label": "Vulnerability.Validation.Required"
        }
      ]
    },
    {
      "children": [
        {
          "children": [],
          "num": 0,
          "name": "Session-entry",
          "portions": []
        },
        {
          "children": [
            {
              "children": [
                {
                  "children": [
                    {
                      "children": [],
                      "num": 3510,
                      "name": "%webgoat%/src/main/java/org/owasp/webgoat/session/DatabaseUtilities.java",
                      "portions": [
                        {
                          "count": 3510,
                          "label": "Vulnerability.Authentication.Credentials.Unprotected"
                        }
                      ]
                    }
                  ],
                  "num": 3510,
                  "name": "Vulnerability.Authentication.Credentials.Unprotected",
                  "portions": [
                    {
                      "count": 3510,
                      "label": "Vulnerability.Authentication.Credentials.Unprotected"
                    }
                  ]
                },
                {
                  "children": [
                    {
                      "children": [],
                      "num": 1,
                      "name": "%webgoat%/src/main/webapp/main.jsp",
                      "portions": [
                        {
                          "count": 1,
                          "label": "Vulnerability.CrossSiteScripting"
                        }
                      ]
                    },
                    {
                      "children": [],
                      "num": 1,
                      "name": "%webgoat%/src/main/java/org/owasp/webgoat/lessons/Challenge2Screen.java",
                      "portions": [
                        {
                          "count": 1,
                          "label": "Vulnerability.CrossSiteScripting"
                        }
                      ]
                    }
                  ],
                  "num": 2,
                  "name": "Vulnerability.CrossSiteScripting",
                  "portions": [
                    {
                      "count": 2,
                      "label": "Vulnerability.CrossSiteScripting"
                    }
                  ]
                },
                {
                  "children": [
                    {
                      "children": [],
                      "num": 3,
                      "name": "%webgoat%/src/main/java/org/owasp/webgoat/HammerHead.java",
                      "portions": [
                        {
                          "count": 3,
                          "label": "Vulnerability.Quality.TestCode"
                        }
                      ]
                    },
                    {
                      "children": [],
                      "num": 20,
                      "name": "%webgoat%/src/main/java/org/owasp/webgoat/lessons/MaliciousFileExecution.java",
                      "portions": [
                        {
                          "count": 20,
                          "label": "Vulnerability.Quality.TestCode"
                        }
                      ]
                    },
                    {
                      "children": [],
                      "num": 4,
                      "name": "%webgoat%/src/main/java/org/owasp/webgoat/lessons/CommandInjection.java",
                      "portions": [
                        {
                          "count": 4,
                          "label": "Vulnerability.Quality.TestCode"
                        }
                      ]
                    },
                    {
                      "children": [],
                      "num": 4680,
                      "name": "%webgoat%/src/main/java/org/owasp/webgoat/session/WebgoatContext.java",
                      "portions": [
                        {
                          "count": 4680,
                          "label": "Vulnerability.Quality.TestCode"
                        }
                      ]
                    },
                    {
                      "children": [],
                      "num": 335,
                      "name": "%webgoat%/src/main/java/org/owasp/webgoat/session/LessonTracker.java",
                      "portions": [
                        {
                          "count": 335,
                          "label": "Vulnerability.Quality.TestCode"
                        }
                      ]
                    },
                    {
                      "children": [],
                      "num": 4,
                      "name": "%webgoat%/src/main/java/org/owasp/webgoat/session/WebSession.java",
                      "portions": [
                        {
                          "count": 4,
                          "label": "Vulnerability.Quality.TestCode"
                        }
                      ]
                    }
                  ],
                  "num": 5046,
                  "name": "Vulnerability.Quality.TestCode",
                  "portions": [
                    {
                      "count": 5046,
                      "label": "Vulnerability.Quality.TestCode"
                    }
                  ]
                },
                {
                  "children": [
                    {
                      "children": [],
                      "num": 68,
                      "name": "%webgoat%/src/main/java/org/owasp/webgoat/lessons/MaliciousFileExecution.java",
                      "portions": [
                        {
                          "count": 68,
                          "label": "Vulnerability.PathTraversal"
                        }
                      ]
                    },
                    {
                      "children": [],
                      "num": 1,
                      "name": "%webgoat%/src/main/java/org/owasp/webgoat/lessons/CommandInjection.java",
                      "portions": [
                        {
                          "count": 1,
                          "label": "Vulnerability.PathTraversal"
                        }
                      ]
                    },
                    {
                      "children": [],
                      "num": 1,
                      "name": "%webgoat%/src/main/java/org/owasp/webgoat/lessons/DOMXSS.java",
                      "portions": [
                        {
                          "count": 1,
                          "label": "Vulnerability.PathTraversal"
                        }
                      ]
                    },
                    {
                      "children": [],
                      "num": 2,
                      "name": "%webgoat%/src/main/java/org/owasp/webgoat/lessons/PathBasedAccessControl.java",
                      "portions": [
                        {
                          "count": 2,
                          "label": "Vulnerability.PathTraversal"
                        }
                      ]
                    },
                    {
                      "children": [],
                      "num": 1,
                      "name": "%webgoat%/src/main/java/org/owasp/webgoat/lessons/ClientSideFiltering/ClientSideFiltering.java",
                      "portions": [
                        {
                          "count": 1,
                          "label": "Vulnerability.PathTraversal"
                        }
                      ]
                    },
                    {
                      "children": [],
                      "num": 1,
                      "name": "%webgoat%/src/main/java/org/owasp/webgoat/lessons/Challenge2Screen.java",
                      "portions": [
                        {
                          "count": 1,
                          "label": "Vulnerability.PathTraversal"
                        }
                      ]
                    },
                    {
                      "children": [],
                      "num": 1,
                      "name": "%webgoat%/src/main/java/org/owasp/webgoat/lessons/XPATHInjection.java",
                      "portions": [
                        {
                          "count": 1,
                          "label": "Vulnerability.PathTraversal"
                        }
                      ]
                    }
                  ],
                  "num": 75,
                  "name": "Vulnerability.PathTraversal",
                  "portions": [
                    {
                      "count": 75,
                      "label": "Vulnerability.PathTraversal"
                    }
                  ]
                },
                {
                  "children": [
                    {
                      "children": [],
                      "num": 7,
                      "name": "%webgoat%/src/main/java/org/owasp/webgoat/HammerHead.java",
                      "portions": [
                        {
                          "count": 7,
                          "label": "Vulnerability.Validation.Required"
                        }
                      ]
                    },
                    {
                      "children": [],
                      "num": 296,
                      "name": "%webgoat%/src/main/java/org/owasp/webgoat/lessons/GoatHillsFinancial/DefaultLessonAction.java",
                      "portions": [
                        {
                          "count": 296,
                          "label": "Vulnerability.Validation.Required"
                        }
                      ]
                    },
                    {
                      "children": [],
                      "num": 28,
                      "name": "%webgoat%/src/main/java/org/owasp/webgoat/lessons/MaliciousFileExecution.java",
                      "portions": [
                        {
                          "count": 28,
                          "label": "Vulnerability.Validation.Required"
                        }
                      ]
                    },
                    {
                      "children": [],
                      "num": 2,
                      "name": "%webgoat%/src/main/java/org/owasp/webgoat/session/SequentialLessonTracker.java",
                      "portions": [
                        {
                          "count": 2,
                          "label": "Vulnerability.Validation.Required"
                        }
                      ]
                    },
                    {
                      "children": [],
                      "num": 2,
                      "name": "%webgoat%/src/main/java/org/owasp/webgoat/Catcher.java",
                      "portions": [
                        {
                          "count": 2,
                          "label": "Vulnerability.Validation.Required"
                        }
                      ]
                    },
                    {
                      "children": [],
                      "num": 1,
                      "name": "%webgoat%/src/main/java/org/owasp/webgoat/lessons/BasicAuthentication.java",
                      "portions": [
                        {
                          "count": 1,
                          "label": "Vulnerability.Validation.Required"
                        }
                      ]
                    },
                    {
                      "children": [],
                      "num": 727,
                      "name": "%webgoat%/src/main/java/org/owasp/webgoat/session/LessonTracker.java",
                      "portions": [
                        {
                          "count": 727,
                          "label": "Vulnerability.Validation.Required"
                        }
                      ]
                    },
                    {
                      "children": [],
                      "num": 2,
                      "name": "%webgoat%/src/main/java/org/owasp/webgoat/session/RandomLessonTracker.java",
                      "portions": [
                        {
                          "count": 2,
                          "label": "Vulnerability.Validation.Required"
                        }
                      ]
                    }
                  ],
                  "num": 1065,
                  "name": "Vulnerability.Validation.Required",
                  "portions": [
                    {
                      "count": 1065,
                      "label": "Vulnerability.Validation.Required"
                    }
                  ]
                },
                {
                  "children": [
                    {
                      "children": [],
                      "num": 878,
                      "name": "%webgoat%/src/main/java/org/owasp/webgoat/session/CreateDB.java",
                      "portions": [
                        {
                          "count": 878,
                          "label": "Vulnerability.Injection.SQL"
                        }
                      ]
                    },
                    {
                      "children": [],
                      "num": 1,
                      "name": "%webgoat%/src/main/java/org/owasp/webgoat/lessons/RoleBasedAccessControl/DeleteProfile.java",
                      "portions": [
                        {
                          "count": 1,
                          "label": "Vulnerability.Injection.SQL"
                        }
                      ]
                    },
                    {
                      "children": [],
                      "num": 4,
                      "name": "%webgoat%/src/main/java/org/owasp/webgoat/lessons/SQLInjection/Login.java",
                      "portions": [
                        {
                          "count": 4,
                          "label": "Vulnerability.Injection.SQL"
                        }
                      ]
                    },
                    {
                      "children": [],
                      "num": 1,
                      "name": "%webgoat%/src/main/java/org/owasp/webgoat/lessons/GoatHillsFinancial/DeleteProfile.java",
                      "portions": [
                        {
                          "count": 1,
                          "label": "Vulnerability.Injection.SQL"
                        }
                      ]
                    },
                    {
                      "children": [],
                      "num": 48,
                      "name": "%webgoat%/src/main/java/org/owasp/webgoat/lessons/SQLInjection/ViewProfile.java",
                      "portions": [
                        {
                          "count": 48,
                          "label": "Vulnerability.Injection.SQL"
                        }
                      ]
                    },
                    {
                      "children": [],
                      "num": 1,
                      "name": "%webgoat%/src/main/java/org/owasp/webgoat/lessons/GoatHillsFinancial/Login.java",
                      "portions": [
                        {
                          "count": 1,
                          "label": "Vulnerability.Injection.SQL"
                        }
                      ]
                    },
                    {
                      "children": [],
                      "num": 3,
                      "name": "%webgoat%/src/main/java/org/owasp/webgoat/lessons/DOS_Login.java",
                      "portions": [
                        {
                          "count": 3,
                          "label": "Vulnerability.Injection.SQL"
                        }
                      ]
                    },
                    {
                      "children": [],
                      "num": 1,
                      "name": "%webgoat%/src/main/java/org/owasp/webgoat/lessons/Challenge2Screen.java",
                      "portions": [
                        {
                          "count": 1,
                          "label": "Vulnerability.Injection.SQL"
                        }
                      ]
                    }
                  ],
                  "num": 937,
                  "name": "Vulnerability.Injection.SQL",
                  "portions": [
                    {
                      "count": 937,
                      "label": "Vulnerability.Injection.SQL"
                    }
                  ]
                },
                {
                  "children": [
                    {
                      "children": [],
                      "num": 4,
                      "name": "%webgoat%/src/main/java/org/owasp/webgoat/lessons/RoleBasedAccessControl/UpdateProfile.java",
                      "portions": [
                        {
                          "count": 4,
                          "label": "Vulnerability.Validation.Required.BusinessLogic"
                        }
                      ]
                    },
                    {
                      "children": [],
                      "num": 18,
                      "name": "%webgoat%/src/main/java/org/owasp/webgoat/lessons/RoleBasedAccessControl/EditProfile.java",
                      "portions": [
                        {
                          "count": 18,
                          "label": "Vulnerability.Validation.Required.BusinessLogic"
                        }
                      ]
                    },
                    {
                      "children": [],
                      "num": 18,
                      "name": "%webgoat%/src/main/java/org/owasp/webgoat/lessons/GoatHillsFinancial/EditProfile.java",
                      "portions": [
                        {
                          "count": 18,
                          "label": "Vulnerability.Validation.Required.BusinessLogic"
                        }
                      ]
                    },
                    {
                      "children": [],
                      "num": 11,
                      "name": "%webgoat%/src/main/java/org/owasp/webgoat/lessons/CrossSiteScripting/EditProfile.java",
                      "portions": [
                        {
                          "count": 11,
                          "label": "Vulnerability.Validation.Required.BusinessLogic"
                        }
                      ]
                    },
                    {
                      "children": [],
                      "num": 14,
                      "name": "%webgoat%/src/main/java/org/owasp/webgoat/lessons/GoatHillsFinancial/UpdateProfile.java",
                      "portions": [
                        {
                          "count": 14,
                          "label": "Vulnerability.Validation.Required.BusinessLogic"
                        }
                      ]
                    },
                    {
                      "children": [],
                      "num": 2,
                      "name": "%webgoat%/src/main/java/org/owasp/webgoat/lessons/DBSQLInjection/Login.java",
                      "portions": [
                        {
                          "count": 2,
                          "label": "Vulnerability.Validation.Required.BusinessLogic"
                        }
                      ]
                    },
                    {
                      "children": [],
                      "num": 4,
                      "name": "%webgoat%/src/main/java/org/owasp/webgoat/lessons/instructor/RoleBasedAccessControl/UpdateProfile_i.java",
                      "portions": [
                        {
                          "count": 4,
                          "label": "Vulnerability.Validation.Required.BusinessLogic"
                        }
                      ]
                    },
                    {
                      "children": [],
                      "num": 24,
                      "name": "%webgoat%/src/main/java/org/owasp/webgoat/lessons/GoatHillsFinancial/DefaultLessonAction.java",
                      "portions": [
                        {
                          "count": 24,
                          "label": "Vulnerability.Validation.Required.BusinessLogic"
                        }
                      ]
                    },
                    {
                      "children": [],
                      "num": 18,
                      "name": "%webgoat%/src/main/java/org/owasp/webgoat/lessons/instructor/RoleBasedAccessControl/EditProfile_i.java",
                      "portions": [
                        {
                          "count": 18,
                          "label": "Vulnerability.Validation.Required.BusinessLogic"
                        }
                      ]
                    },
                    {
                      "children": [],
                      "num": 4,
                      "name": "%webgoat%/src/main/java/org/owasp/webgoat/lessons/CrossSiteScripting/UpdateProfile.java",
                      "portions": [
                        {
                          "count": 4,
                          "label": "Vulnerability.Validation.Required.BusinessLogic"
                        }
                      ]
                    },
                    {
                      "children": [],
                      "num": 32,
                      "name": "%webgoat%/src/main/java/org/owasp/webgoat/lessons/instructor/SQLInjection/ViewProfile_i.java",
                      "portions": [
                        {
                          "count": 32,
                          "label": "Vulnerability.Validation.Required.BusinessLogic"
                        }
                      ]
                    },
                    {
                      "children": [],
                      "num": 5,
                      "name": "%webgoat%/src/main/java/org/owasp/webgoat/lessons/DBCrossSiteScripting/UpdateProfile.java",
                      "portions": [
                        {
                          "count": 5,
                          "label": "Vulnerability.Validation.Required.BusinessLogic"
                        }
                      ]
                    },
                    {
                      "children": [],
                      "num": 1,
                      "name": "%webgoat%/src/main/java/org/owasp/webgoat/lessons/MultiLevelLogin2.java",
                      "portions": [
                        {
                          "count": 1,
                          "label": "Vulnerability.Validation.Required.BusinessLogic"
                        }
                      ]
                    }
                  ],
                  "num": 155,
                  "name": "Vulnerability.Validation.Required.BusinessLogic",
                  "portions": [
                    {
                      "count": 155,
                      "label": "Vulnerability.Validation.Required.BusinessLogic"
                    }
                  ]
                },
                {
                  "children": [
                    {
                      "children": [],
                      "num": 1,
                      "name": "%webgoat%/src/main/java/org/owasp/webgoat/lessons/BlindScript.java",
                      "portions": [
                        {
                          "count": 1,
                          "label": "Vulnerability.PrivilegeEscalation"
                        }
                      ]
                    }
                  ],
                  "num": 1,
                  "name": "Vulnerability.PrivilegeEscalation",
                  "portions": [
                    {
                      "count": 1,
                      "label": "Vulnerability.PrivilegeEscalation"
                    }
                  ]
                },
                {
                  "children": [
                    {
                      "children": [],
                      "num": 22,
                      "name": "%webgoat%/src/main/java/org/owasp/webgoat/lessons/RoleBasedAccessControl/UpdateProfile.java",
                      "portions": [
                        {
                          "count": 22,
                          "label": "Vulnerability.Injection.SecondOrder"
                        }
                      ]
                    },
                    {
                      "children": [],
                      "num": 1,
                      "name": "%webgoat%/src/main/java/org/owasp/webgoat/lessons/MultiLevelLogin1.java",
                      "portions": [
                        {
                          "count": 1,
                          "label": "Vulnerability.Injection.SecondOrder"
                        }
                      ]
                    },
                    {
                      "children": [],
                      "num": 8,
                      "name": "%webgoat%/src/main/java/org/owasp/webgoat/lessons/CrossSiteScripting/FindProfile.java",
                      "portions": [
                        {
                          "count": 8,
                          "label": "Vulnerability.Injection.SecondOrder"
                        }
                      ]
                    },
                    {
                      "children": [],
                      "num": 1,
                      "name": "%webgoat%/src/main/java/org/owasp/webgoat/lessons/instructor/SQLInjection/Login_i.java",
                      "portions": [
                        {
                          "count": 1,
                          "label": "Vulnerability.Injection.SecondOrder"
                        }
                      ]
                    },
                    {
                      "children": [],
                      "num": 66,
                      "name": "%webgoat%/src/main/java/org/owasp/webgoat/lessons/GoatHillsFinancial/UpdateProfile.java",
                      "portions": [
                        {
                          "count": 66,
                          "label": "Vulnerability.Injection.SecondOrder"
                        }
                      ]
                    },
                    {
                      "children": [],
                      "num": 22,
                      "name": "%webgoat%/src/main/java/org/owasp/webgoat/lessons/CrossSiteScripting/UpdateProfile.java",
                      "portions": [
                        {
                          "count": 22,
                          "label": "Vulnerability.Injection.SecondOrder"
                        }
                      ]
                    },
                    {
                      "children": [],
                      "num": 4,
                      "name": "%webgoat%/src/main/java/org/owasp/webgoat/lessons/GoatHillsFinancial/FindProfile.java",
                      "portions": [
                        {
                          "count": 4,
                          "label": "Vulnerability.Injection.SecondOrder"
                        }
                      ]
                    },
                    {
                      "children": [],
                      "num": 24,
                      "name": "%webgoat%/src/main/java/org/owasp/webgoat/lessons/DBCrossSiteScripting/UpdateProfile.java",
                      "portions": [
                        {
                          "count": 24,
                          "label": "Vulnerability.Injection.SecondOrder"
                        }
                      ]
                    },
                    {
                      "children": [],
                      "num": 22,
                      "name": "%webgoat%/src/main/java/org/owasp/webgoat/lessons/instructor/RoleBasedAccessControl/UpdateProfile_i.java",
                      "portions": [
                        {
                          "count": 22,
                          "label": "Vulnerability.Injection.SecondOrder"
                        }
                      ]
                    },
                    {
                      "children": [],
                      "num": 2,
                      "name": "%webgoat%/src/main/java/org/owasp/webgoat/lessons/DBSQLInjection/Login.java",
                      "portions": [
                        {
                          "count": 2,
                          "label": "Vulnerability.Injection.SecondOrder"
                        }
                      ]
                    }
                  ],
                  "num": 172,
                  "name": "Vulnerability.Injection.SecondOrder",
                  "portions": [
                    {
                      "count": 172,
                      "label": "Vulnerability.Injection.SecondOrder"
                    }
                  ]
                },
                {
                  "children": [
                    {
                      "children": [],
                      "num": 2,
                      "name": "%webgoat%/src/main/java/org/owasp/webgoat/LessonSource.java",
                      "portions": [
                        {
                          "count": 2,
                          "label": "Vulnerability.Validation.EncodingRequired"
                        }
                      ]
                    },
                    {
                      "children": [],
                      "num": 1,
                      "name": "%webgoat%/src/main/java/org/owasp/webgoat/session/Screen.java",
                      "portions": [
                        {
                          "count": 1,
                          "label": "Vulnerability.Validation.EncodingRequired"
                        }
                      ]
                    }
                  ],
                  "num": 3,
                  "name": "Vulnerability.Validation.EncodingRequired",
                  "portions": [
                    {
                      "count": 3,
                      "label": "Vulnerability.Validation.EncodingRequired"
                    }
                  ]
                }
              ],
              "num": 10966,
              "name": "Network",
              "portions": [
                {
                  "count": 3510,
                  "label": "Vulnerability.Authentication.Credentials.Unprotected"
                },
                {
                  "count": 2,
                  "label": "Vulnerability.CrossSiteScripting"
                },
                {
                  "count": 5046,
                  "label": "Vulnerability.Quality.TestCode"
                },
                {
                  "count": 75,
                  "label": "Vulnerability.PathTraversal"
                },
                {
                  "count": 1065,
                  "label": "Vulnerability.Validation.Required"
                },
                {
                  "count": 937,
                  "label": "Vulnerability.Injection.SQL"
                },
                {
                  "count": 155,
                  "label": "Vulnerability.Validation.Required.BusinessLogic"
                },
                {
                  "count": 1,
                  "label": "Vulnerability.PrivilegeEscalation"
                },
                {
                  "count": 172,
                  "label": "Vulnerability.Injection.SecondOrder"
                },
                {
                  "count": 3,
                  "label": "Vulnerability.Validation.EncodingRequired"
                }
              ]
            }
          ],
          "num": 10966,
          "name": "Session-exit",
          "portions": [
            {
              "count": 3510,
              "label": "Vulnerability.Authentication.Credentials.Unprotected"
            },
            {
              "count": 2,
              "label": "Vulnerability.CrossSiteScripting"
            },
            {
              "count": 5046,
              "label": "Vulnerability.Quality.TestCode"
            },
            {
              "count": 75,
              "label": "Vulnerability.PathTraversal"
            },
            {
              "count": 1065,
              "label": "Vulnerability.Validation.Required"
            },
            {
              "count": 937,
              "label": "Vulnerability.Injection.SQL"
            },
            {
              "count": 155,
              "label": "Vulnerability.Validation.Required.BusinessLogic"
            },
            {
              "count": 1,
              "label": "Vulnerability.PrivilegeEscalation"
            },
            {
              "count": 172,
              "label": "Vulnerability.Injection.SecondOrder"
            },
            {
              "count": 3,
              "label": "Vulnerability.Validation.EncodingRequired"
            }
          ]
        }
      ],
      "num": 10966,
      "name": "Session",
      "portions": [
        {
          "count": 3510,
          "label": "Vulnerability.Authentication.Credentials.Unprotected"
        },
        {
          "count": 2,
          "label": "Vulnerability.CrossSiteScripting"
        },
        {
          "count": 5046,
          "label": "Vulnerability.Quality.TestCode"
        },
        {
          "count": 75,
          "label": "Vulnerability.PathTraversal"
        },
        {
          "count": 1065,
          "label": "Vulnerability.Validation.Required"
        },
        {
          "count": 937,
          "label": "Vulnerability.Injection.SQL"
        },
        {
          "count": 155,
          "label": "Vulnerability.Validation.Required.BusinessLogic"
        },
        {
          "count": 1,
          "label": "Vulnerability.PrivilegeEscalation"
        },
        {
          "count": 172,
          "label": "Vulnerability.Injection.SecondOrder"
        },
        {
          "count": 3,
          "label": "Vulnerability.Validation.EncodingRequired"
        }
      ]
    },
    {
      "children": [
        {
          "children": [],
          "num": 0,
          "name": "GoatHillsFinancial.Employee-entry",
          "portions": []
        },
        {
          "children": [
            {
              "children": [
                {
                  "children": [
                    {
                      "children": [],
                      "num": 12,
                      "name": "%webgoat%/src/main/webapp/lessons/GoatHillsFinancial/EditProfile.jsp",
                      "portions": [
                        {
                          "count": 12,
                          "label": "Vulnerability.CrossSiteScripting"
                        }
                      ]
                    },
                    {
                      "children": [],
                      "num": 11,
                      "name": "%webgoat%/src/main/webapp/lessons/GoatHillsFinancial/ViewProfile.jsp",
                      "portions": [
                        {
                          "count": 11,
                          "label": "Vulnerability.CrossSiteScripting"
                        }
                      ]
                    }
                  ],
                  "num": 23,
                  "name": "Vulnerability.CrossSiteScripting",
                  "portions": [
                    {
                      "count": 23,
                      "label": "Vulnerability.CrossSiteScripting"
                    }
                  ]
                }
              ],
              "num": 23,
              "name": "Network",
              "portions": [
                {
                  "count": 23,
                  "label": "Vulnerability.CrossSiteScripting"
                }
              ]
            }
          ],
          "num": 23,
          "name": "GoatHillsFinancial.Employee-exit",
          "portions": [
            {
              "count": 23,
              "label": "Vulnerability.CrossSiteScripting"
            }
          ]
        }
      ],
      "num": 23,
      "name": "GoatHillsFinancial.Employee",
      "portions": [
        {
          "count": 23,
          "label": "Vulnerability.CrossSiteScripting"
        }
      ]
    },
    {
      "children": [
        {
          "children": [],
          "num": 0,
          "name": "DBSQLInjection.Employee-entry",
          "portions": []
        },
        {
          "children": [
            {
              "children": [
                {
                  "children": [
                    {
                      "children": [],
                      "num": 11,
                      "name": "%webgoat%/src/main/webapp/lessons/DBSQLInjection/ViewProfile.jsp",
                      "portions": [
                        {
                          "count": 11,
                          "label": "Vulnerability.CrossSiteScripting"
                        }
                      ]
                    },
                    {
                      "children": [],
                      "num": 12,
                      "name": "%webgoat%/src/main/webapp/lessons/DBSQLInjection/EditProfile.jsp",
                      "portions": [
                        {
                          "count": 12,
                          "label": "Vulnerability.CrossSiteScripting"
                        }
                      ]
                    }
                  ],
                  "num": 23,
                  "name": "Vulnerability.CrossSiteScripting",
                  "portions": [
                    {
                      "count": 23,
                      "label": "Vulnerability.CrossSiteScripting"
                    }
                  ]
                }
              ],
              "num": 23,
              "name": "Network",
              "portions": [
                {
                  "count": 23,
                  "label": "Vulnerability.CrossSiteScripting"
                }
              ]
            }
          ],
          "num": 23,
          "name": "DBSQLInjection.Employee-exit",
          "portions": [
            {
              "count": 23,
              "label": "Vulnerability.CrossSiteScripting"
            }
          ]
        }
      ],
      "num": 23,
      "name": "DBSQLInjection.Employee",
      "portions": [
        {
          "count": 23,
          "label": "Vulnerability.CrossSiteScripting"
        }
      ]
    },
    {
      "children": [
        {
          "children": [],
          "num": 0,
          "name": "DBCrossSiteScripting.Employee-entry",
          "portions": []
        },
        {
          "children": [
            {
              "children": [
                {
                  "children": [
                    {
                      "children": [],
                      "num": 12,
                      "name": "%webgoat%/src/main/webapp/lessons/DBCrossSiteScripting/EditProfile.jsp",
                      "portions": [
                        {
                          "count": 12,
                          "label": "Vulnerability.CrossSiteScripting"
                        }
                      ]
                    },
                    {
                      "children": [],
                      "num": 11,
                      "name": "%webgoat%/src/main/webapp/lessons/DBCrossSiteScripting/ViewProfile.jsp",
                      "portions": [
                        {
                          "count": 11,
                          "label": "Vulnerability.CrossSiteScripting"
                        }
                      ]
                    }
                  ],
                  "num": 23,
                  "name": "Vulnerability.CrossSiteScripting",
                  "portions": [
                    {
                      "count": 23,
                      "label": "Vulnerability.CrossSiteScripting"
                    }
                  ]
                }
              ],
              "num": 23,
              "name": "Network",
              "portions": [
                {
                  "count": 23,
                  "label": "Vulnerability.CrossSiteScripting"
                }
              ]
            }
          ],
          "num": 23,
          "name": "DBCrossSiteScripting.Employee-exit",
          "portions": [
            {
              "count": 23,
              "label": "Vulnerability.CrossSiteScripting"
            }
          ]
        }
      ],
      "num": 23,
      "name": "DBCrossSiteScripting.Employee",
      "portions": [
        {
          "count": 23,
          "label": "Vulnerability.CrossSiteScripting"
        }
      ]
    },
    {
      "children": [
        {
          "children": [],
          "num": 0,
          "name": "SQLInjection.Employee-entry",
          "portions": []
        },
        {
          "children": [
            {
              "children": [
                {
                  "children": [
                    {
                      "children": [],
                      "num": 12,
                      "name": "%webgoat%/src/main/webapp/lessons/SQLInjection/EditProfile.jsp",
                      "portions": [
                        {
                          "count": 12,
                          "label": "Vulnerability.CrossSiteScripting"
                        }
                      ]
                    },
                    {
                      "children": [],
                      "num": 11,
                      "name": "%webgoat%/src/main/webapp/lessons/SQLInjection/ViewProfile.jsp",
                      "portions": [
                        {
                          "count": 11,
                          "label": "Vulnerability.CrossSiteScripting"
                        }
                      ]
                    }
                  ],
                  "num": 23,
                  "name": "Vulnerability.CrossSiteScripting",
                  "portions": [
                    {
                      "count": 23,
                      "label": "Vulnerability.CrossSiteScripting"
                    }
                  ]
                }
              ],
              "num": 23,
              "name": "Network",
              "portions": [
                {
                  "count": 23,
                  "label": "Vulnerability.CrossSiteScripting"
                }
              ]
            }
          ],
          "num": 23,
          "name": "SQLInjection.Employee-exit",
          "portions": [
            {
              "count": 23,
              "label": "Vulnerability.CrossSiteScripting"
            }
          ]
        }
      ],
      "num": 23,
      "name": "SQLInjection.Employee",
      "portions": [
        {
          "count": 23,
          "label": "Vulnerability.CrossSiteScripting"
        }
      ]
    },
    {
      "children": [
        {
          "children": [],
          "num": 0,
          "name": "RoleBasedAccessControl.Employee-entry",
          "portions": []
        },
        {
          "children": [
            {
              "children": [
                {
                  "children": [
                    {
                      "children": [],
                      "num": 12,
                      "name": "%webgoat%/src/main/webapp/lessons/RoleBasedAccessControl/EditProfile.jsp",
                      "portions": [
                        {
                          "count": 12,
                          "label": "Vulnerability.CrossSiteScripting"
                        }
                      ]
                    },
                    {
                      "children": [],
                      "num": 11,
                      "name": "%webgoat%/src/main/webapp/lessons/RoleBasedAccessControl/ViewProfile.jsp",
                      "portions": [
                        {
                          "count": 11,
                          "label": "Vulnerability.CrossSiteScripting"
                        }
                      ]
                    }
                  ],
                  "num": 23,
                  "name": "Vulnerability.CrossSiteScripting",
                  "portions": [
                    {
                      "count": 23,
                      "label": "Vulnerability.CrossSiteScripting"
                    }
                  ]
                }
              ],
              "num": 23,
              "name": "Network",
              "portions": [
                {
                  "count": 23,
                  "label": "Vulnerability.CrossSiteScripting"
                }
              ]
            }
          ],
          "num": 23,
          "name": "RoleBasedAccessControl.Employee-exit",
          "portions": [
            {
              "count": 23,
              "label": "Vulnerability.CrossSiteScripting"
            }
          ]
        }
      ],
      "num": 23,
      "name": "RoleBasedAccessControl.Employee",
      "portions": [
        {
          "count": 23,
          "label": "Vulnerability.CrossSiteScripting"
        }
      ]
    },
    {
      "children": [
        {
          "children": [],
          "num": 0,
          "name": "CrossSiteScripting.Employee-entry",
          "portions": []
        },
        {
          "children": [
            {
              "children": [
                {
                  "children": [
                    {
                      "children": [],
                      "num": 12,
                      "name": "%webgoat%/src/main/webapp/lessons/CrossSiteScripting/EditProfile.jsp",
                      "portions": [
                        {
                          "count": 12,
                          "label": "Vulnerability.CrossSiteScripting"
                        }
                      ]
                    },
                    {
                      "children": [],
                      "num": 10,
                      "name": "%webgoat%/src/main/webapp/lessons/CrossSiteScripting/ViewProfile.jsp",
                      "portions": [
                        {
                          "count": 10,
                          "label": "Vulnerability.CrossSiteScripting"
                        }
                      ]
                    }
                  ],
                  "num": 22,
                  "name": "Vulnerability.CrossSiteScripting",
                  "portions": [
                    {
                      "count": 22,
                      "label": "Vulnerability.CrossSiteScripting"
                    }
                  ]
                }
              ],
              "num": 22,
              "name": "Network",
              "portions": [
                {
                  "count": 22,
                  "label": "Vulnerability.CrossSiteScripting"
                }
              ]
            }
          ],
          "num": 22,
          "name": "CrossSiteScripting.Employee-exit",
          "portions": [
            {
              "count": 22,
              "label": "Vulnerability.CrossSiteScripting"
            }
          ]
        }
      ],
      "num": 22,
      "name": "CrossSiteScripting.Employee",
      "portions": [
        {
          "count": 22,
          "label": "Vulnerability.CrossSiteScripting"
        }
      ]
    },
    {
      "children": [
        {
          "children": [],
          "num": 0,
          "name": "SQLInjection.Staff-entry",
          "portions": []
        },
        {
          "children": [
            {
              "children": [
                {
                  "children": [
                    {
                      "children": [],
                      "num": 2,
                      "name": "%webgoat%/src/main/webapp/lessons/SQLInjection/EditProfile.jsp",
                      "portions": [
                        {
                          "count": 2,
                          "label": "Vulnerability.CrossSiteScripting"
                        }
                      ]
                    },
                    {
                      "children": [],
                      "num": 3,
                      "name": "%webgoat%/src/main/webapp/lessons/SQLInjection/ListStaff.jsp",
                      "portions": [
                        {
                          "count": 3,
                          "label": "Vulnerability.CrossSiteScripting"
                        }
                      ]
                    },
                    {
                      "children": [],
                      "num": 3,
                      "name": "%webgoat%/src/main/webapp/lessons/SQLInjection/Login.jsp",
                      "portions": [
                        {
                          "count": 3,
                          "label": "Vulnerability.CrossSiteScripting"
                        }
                      ]
                    }
                  ],
                  "num": 8,
                  "name": "Vulnerability.CrossSiteScripting",
                  "portions": [
                    {
                      "count": 8,
                      "label": "Vulnerability.CrossSiteScripting"
                    }
                  ]
                }
              ],
              "num": 8,
              "name": "Network",
              "portions": [
                {
                  "count": 8,
                  "label": "Vulnerability.CrossSiteScripting"
                }
              ]
            }
          ],
          "num": 8,
          "name": "SQLInjection.Staff-exit",
          "portions": [
            {
              "count": 8,
              "label": "Vulnerability.CrossSiteScripting"
            }
          ]
        }
      ],
      "num": 8,
      "name": "SQLInjection.Staff",
      "portions": [
        {
          "count": 8,
          "label": "Vulnerability.CrossSiteScripting"
        }
      ]
    },
    {
      "children": [
        {
          "children": [],
          "num": 0,
          "name": "RoleBasedAccessControl.Staff-entry",
          "portions": []
        },
        {
          "children": [
            {
              "children": [
                {
                  "children": [
                    {
                      "children": [],
                      "num": 2,
                      "name": "%webgoat%/src/main/webapp/lessons/RoleBasedAccessControl/EditProfile.jsp",
                      "portions": [
                        {
                          "count": 2,
                          "label": "Vulnerability.CrossSiteScripting"
                        }
                      ]
                    },
                    {
                      "children": [],
                      "num": 3,
                      "name": "%webgoat%/src/main/webapp/lessons/RoleBasedAccessControl/ListStaff.jsp",
                      "portions": [
                        {
                          "count": 3,
                          "label": "Vulnerability.CrossSiteScripting"
                        }
                      ]
                    },
                    {
                      "children": [],
                      "num": 3,
                      "name": "%webgoat%/src/main/webapp/lessons/RoleBasedAccessControl/Login.jsp",
                      "portions": [
                        {
                          "count": 3,
                          "label": "Vulnerability.CrossSiteScripting"
                        }
                      ]
                    }
                  ],
                  "num": 8,
                  "name": "Vulnerability.CrossSiteScripting",
                  "portions": [
                    {
                      "count": 8,
                      "label": "Vulnerability.CrossSiteScripting"
                    }
                  ]
                }
              ],
              "num": 8,
              "name": "Network",
              "portions": [
                {
                  "count": 8,
                  "label": "Vulnerability.CrossSiteScripting"
                }
              ]
            }
          ],
          "num": 8,
          "name": "RoleBasedAccessControl.Staff-exit",
          "portions": [
            {
              "count": 8,
              "label": "Vulnerability.CrossSiteScripting"
            }
          ]
        }
      ],
      "num": 8,
      "name": "RoleBasedAccessControl.Staff",
      "portions": [
        {
          "count": 8,
          "label": "Vulnerability.CrossSiteScripting"
        }
      ]
    },
    {
      "children": [
        {
          "children": [],
          "num": 0,
          "name": "GoatHillsFinancial.Staff-entry",
          "portions": []
        },
        {
          "children": [
            {
              "children": [
                {
                  "children": [
                    {
                      "children": [],
                      "num": 3,
                      "name": "%webgoat%/src/main/webapp/lessons/GoatHillsFinancial/ListStaff.jsp",
                      "portions": [
                        {
                          "count": 3,
                          "label": "Vulnerability.CrossSiteScripting"
                        }
                      ]
                    },
                    {
                      "children": [],
                      "num": 2,
                      "name": "%webgoat%/src/main/webapp/lessons/GoatHillsFinancial/EditProfile.jsp",
                      "portions": [
                        {
                          "count": 2,
                          "label": "Vulnerability.CrossSiteScripting"
                        }
                      ]
                    },
                    {
                      "children": [],
                      "num": 3,
                      "name": "%webgoat%/src/main/webapp/lessons/GoatHillsFinancial/Login.jsp",
                      "portions": [
                        {
                          "count": 3,
                          "label": "Vulnerability.CrossSiteScripting"
                        }
                      ]
                    }
                  ],
                  "num": 8,
                  "name": "Vulnerability.CrossSiteScripting",
                  "portions": [
                    {
                      "count": 8,
                      "label": "Vulnerability.CrossSiteScripting"
                    }
                  ]
                }
              ],
              "num": 8,
              "name": "Network",
              "portions": [
                {
                  "count": 8,
                  "label": "Vulnerability.CrossSiteScripting"
                }
              ]
            }
          ],
          "num": 8,
          "name": "GoatHillsFinancial.Staff-exit",
          "portions": [
            {
              "count": 8,
              "label": "Vulnerability.CrossSiteScripting"
            }
          ]
        }
      ],
      "num": 8,
      "name": "GoatHillsFinancial.Staff",
      "portions": [
        {
          "count": 8,
          "label": "Vulnerability.CrossSiteScripting"
        }
      ]
    },
    {
      "children": [
        {
          "children": [],
          "num": 0,
          "name": "DBCrossSiteScripting.Staff-entry",
          "portions": []
        },
        {
          "children": [
            {
              "children": [
                {
                  "children": [
                    {
                      "children": [],
                      "num": 3,
                      "name": "%webgoat%/src/main/webapp/lessons/DBCrossSiteScripting/Login.jsp",
                      "portions": [
                        {
                          "count": 3,
                          "label": "Vulnerability.CrossSiteScripting"
                        }
                      ]
                    },
                    {
                      "children": [],
                      "num": 2,
                      "name": "%webgoat%/src/main/webapp/lessons/DBCrossSiteScripting/EditProfile.jsp",
                      "portions": [
                        {
                          "count": 2,
                          "label": "Vulnerability.CrossSiteScripting"
                        }
                      ]
                    },
                    {
                      "children": [],
                      "num": 3,
                      "name": "%webgoat%/src/main/webapp/lessons/DBCrossSiteScripting/ListStaff.jsp",
                      "portions": [
                        {
                          "count": 3,
                          "label": "Vulnerability.CrossSiteScripting"
                        }
                      ]
                    }
                  ],
                  "num": 8,
                  "name": "Vulnerability.CrossSiteScripting",
                  "portions": [
                    {
                      "count": 8,
                      "label": "Vulnerability.CrossSiteScripting"
                    }
                  ]
                }
              ],
              "num": 8,
              "name": "Network",
              "portions": [
                {
                  "count": 8,
                  "label": "Vulnerability.CrossSiteScripting"
                }
              ]
            }
          ],
          "num": 8,
          "name": "DBCrossSiteScripting.Staff-exit",
          "portions": [
            {
              "count": 8,
              "label": "Vulnerability.CrossSiteScripting"
            }
          ]
        }
      ],
      "num": 8,
      "name": "DBCrossSiteScripting.Staff",
      "portions": [
        {
          "count": 8,
          "label": "Vulnerability.CrossSiteScripting"
        }
      ]
    },
    {
      "children": [
        {
          "children": [],
          "num": 0,
          "name": "CrossSiteScripting.Staff-entry",
          "portions": []
        },
        {
          "children": [
            {
              "children": [
                {
                  "children": [
                    {
                      "children": [],
                      "num": 2,
                      "name": "%webgoat%/src/main/webapp/lessons/CrossSiteScripting/EditProfile.jsp",
                      "portions": [
                        {
                          "count": 2,
                          "label": "Vulnerability.CrossSiteScripting"
                        }
                      ]
                    },
                    {
                      "children": [],
                      "num": 3,
                      "name": "%webgoat%/src/main/webapp/lessons/CrossSiteScripting/Login.jsp",
                      "portions": [
                        {
                          "count": 3,
                          "label": "Vulnerability.CrossSiteScripting"
                        }
                      ]
                    },
                    {
                      "children": [],
                      "num": 3,
                      "name": "%webgoat%/src/main/webapp/lessons/CrossSiteScripting/ListStaff.jsp",
                      "portions": [
                        {
                          "count": 3,
                          "label": "Vulnerability.CrossSiteScripting"
                        }
                      ]
                    }
                  ],
                  "num": 8,
                  "name": "Vulnerability.CrossSiteScripting",
                  "portions": [
                    {
                      "count": 8,
                      "label": "Vulnerability.CrossSiteScripting"
                    }
                  ]
                }
              ],
              "num": 8,
              "name": "Network",
              "portions": [
                {
                  "count": 8,
                  "label": "Vulnerability.CrossSiteScripting"
                }
              ]
            }
          ],
          "num": 8,
          "name": "CrossSiteScripting.Staff-exit",
          "portions": [
            {
              "count": 8,
              "label": "Vulnerability.CrossSiteScripting"
            }
          ]
        }
      ],
      "num": 8,
      "name": "CrossSiteScripting.Staff",
      "portions": [
        {
          "count": 8,
          "label": "Vulnerability.CrossSiteScripting"
        }
      ]
    },
    {
      "children": [
        {
          "children": [],
          "num": 0,
          "name": "DBSQLInjection.Staff-entry",
          "portions": []
        },
        {
          "children": [
            {
              "children": [
                {
                  "children": [
                    {
                      "children": [],
                      "num": 2,
                      "name": "%webgoat%/src/main/webapp/lessons/DBSQLInjection/EditProfile.jsp",
                      "portions": [
                        {
                          "count": 2,
                          "label": "Vulnerability.CrossSiteScripting"
                        }
                      ]
                    },
                    {
                      "children": [],
                      "num": 3,
                      "name": "%webgoat%/src/main/webapp/lessons/DBSQLInjection/Login.jsp",
                      "portions": [
                        {
                          "count": 3,
                          "label": "Vulnerability.CrossSiteScripting"
                        }
                      ]
                    },
                    {
                      "children": [],
                      "num": 3,
                      "name": "%webgoat%/src/main/webapp/lessons/DBSQLInjection/ListStaff.jsp",
                      "portions": [
                        {
                          "count": 3,
                          "label": "Vulnerability.CrossSiteScripting"
                        }
                      ]
                    }
                  ],
                  "num": 8,
                  "name": "Vulnerability.CrossSiteScripting",
                  "portions": [
                    {
                      "count": 8,
                      "label": "Vulnerability.CrossSiteScripting"
                    }
                  ]
                }
              ],
              "num": 8,
              "name": "Network",
              "portions": [
                {
                  "count": 8,
                  "label": "Vulnerability.CrossSiteScripting"
                }
              ]
            }
          ],
          "num": 8,
          "name": "DBSQLInjection.Staff-exit",
          "portions": [
            {
              "count": 8,
              "label": "Vulnerability.CrossSiteScripting"
            }
          ]
        }
      ],
      "num": 8,
      "name": "DBSQLInjection.Staff",
      "portions": [
        {
          "count": 8,
          "label": "Vulnerability.CrossSiteScripting"
        }
      ]
    },
    {
      "children": [
        {
          "children": [],
          "num": 0,
          "name": "transferFundAmount-entry",
          "portions": []
        },
        {
          "children": [
            {
              "children": [
                {
                  "children": [
                    {
                      "children": [],
                      "num": 1,
                      "name": "%webgoat%/src/main/java/org/owasp/webgoat/lessons/CsrfPromptByPass.java",
                      "portions": [
                        {
                          "count": 1,
                          "label": "Vulnerability.Validation.Required"
                        }
                      ]
                    }
                  ],
                  "num": 1,
                  "name": "Vulnerability.Validation.Required",
                  "portions": [
                    {
                      "count": 1,
                      "label": "Vulnerability.Validation.Required"
                    }
                  ]
                }
              ],
              "num": 1,
              "name": "Network",
              "portions": [
                {
                  "count": 1,
                  "label": "Vulnerability.Validation.Required"
                }
              ]
            }
          ],
          "num": 1,
          "name": "transferFundAmount-exit",
          "portions": [
            {
              "count": 1,
              "label": "Vulnerability.Validation.Required"
            }
          ]
        }
      ],
      "num": 1,
      "name": "transferFundAmount",
      "portions": [
        {
          "count": 1,
          "label": "Vulnerability.Validation.Required"
        }
      ]
    }
  ],
  "num": 0,
  "name": "WebGoat (All Attributes)",
  "portions": []
}
